payout_provider,payout_amount,payout_currency,timestamp
PayPal,20.0,EUR,2024-06-17T09:46:50.301798+00:00
PayPal,50.0,EUR,2024-06-17T09:46:50.334441+00:00
PayPal,5.0,GBP,2024-06-17T09:46:50.368184+00:00
Esselunga IT,10.0,EUR,2024-06-17T09:46:50.400073+00:00
Amazon.it,2.0,EUR,2024-06-17T09:46:50.430616+00:00
PayPal,5.0,EUR,2024-06-17T09:46:50.464844+00:00
PayPal International,5.0,EUR,2024-06-17T09:46:50.495771+00:00
PayPal,20.0,EUR,2024-06-17T09:46:50.524286+00:00
PayPal,5.0,USD,2024-06-17T09:46:50.554198+00:00
Amazon.com,50.0,USD,2024-06-17T09:46:50.586756+00:00
PayPal,20.0,AUD,2024-06-17T09:46:50.617392+00:00
PayPal,20.0,AUD,2024-06-17T09:46:50.647941+00:00
PayPal,10.0,EUR,2024-06-17T09:46:50.679414+00:00
Bol.com NL,5.0,EUR,2024-06-17T09:46:50.711678+00:00
Amazon.de,10.0,EUR,2024-06-17T09:46:50.740638+00:00
PayPal,5.0,EUR,2024-06-17T09:46:50.775046+00:00
PayPal,5.0,EUR,2024-06-17T09:46:50.811407+00:00
PayPal,5.0,EUR,2024-06-17T09:46:50.841930+00:00
PayPal,10.0,EUR,2024-06-17T09:46:50.870608+00:00
Amazon.com,100.0,USD,2024-06-17T09:46:50.899817+00:00
,1.0,EUR,2024-06-17T09:46:52.449333+00:00
PayPal,20.0,EUR,2024-06-17T09:46:52.480940+00:00
PayPal,50.0,EUR,2024-06-17T09:46:52.517177+00:00
PayPal,5.0,GBP,2024-06-17T09:46:52.558222+00:00
Esselunga IT,10.0,EUR,2024-06-17T09:46:52.589831+00:00
Amazon.it,2.0,EUR,2024-06-17T09:46:52.623516+00:00
PayPal,5.0,EUR,2024-06-17T09:46:52.654510+00:00
PayPal International,5.0,EUR,2024-06-17T09:46:52.684961+00:00
PayPal,20.0,EUR,2024-06-17T09:46:52.712623+00:00
PayPal,5.0,USD,2024-06-17T09:46:52.746152+00:00
Amazon.com,50.0,USD,2024-06-17T09:46:52.778755+00:00
PayPal,20.0,AUD,2024-06-17T09:46:52.815291+00:00
PayPal,20.0,AUD,2024-06-17T09:46:52.847405+00:00
PayPal,10.0,EUR,2024-06-17T09:46:52.877446+00:00
Bol.com NL,5.0,EUR,2024-06-17T09:46:52.913433+00:00
Amazon.de,10.0,EUR,2024-06-17T09:46:52.937946+00:00
PayPal,5.0,EUR,2024-06-17T09:46:52.964971+00:00
PayPal,5.0,EUR,2024-06-17T09:46:52.991084+00:00
PayPal,5.0,EUR,2024-06-17T09:46:53.020340+00:00
PayPal,10.0,EUR,2024-06-17T09:46:53.064513+00:00
Amazon.de,1.0,EUR,2024-06-17T09:46:54.607590+00:00
PayPal,20.0,EUR,2024-06-17T09:46:54.635525+00:00
PayPal,50.0,EUR,2024-06-17T09:46:54.662308+00:00
PayPal,5.0,GBP,2024-06-17T09:46:54.691306+00:00
Esselunga IT,10.0,EUR,2024-06-17T09:46:54.719165+00:00
Amazon.it,2.0,EUR,2024-06-17T09:46:54.751524+00:00
PayPal,5.0,EUR,2024-06-17T09:46:54.781596+00:00
PayPal International,5.0,EUR,2024-06-17T09:46:54.808472+00:00
PayPal,20.0,EUR,2024-06-17T09:46:54.837620+00:00
PayPal,5.0,USD,2024-06-17T09:46:54.868764+00:00
Amazon.com,50.0,USD,2024-06-17T09:46:54.909365+00:00
PayPal,20.0,AUD,2024-06-17T09:46:54.942051+00:00
PayPal,20.0,AUD,2024-06-17T09:46:54.972368+00:00
PayPal,10.0,EUR,2024-06-17T09:46:55.003990+00:00
Bol.com NL,5.0,EUR,2024-06-17T09:46:55.040218+00:00
Amazon.de,10.0,EUR,2024-06-17T09:46:55.069403+00:00
PayPal,5.0,EUR,2024-06-17T09:46:55.097626+00:00
PayPal,5.0,EUR,2024-06-17T09:46:55.132382+00:00
PayPal,5.0,EUR,2024-06-17T09:46:55.165355+00:00
PayPal,10.0,EUR,2024-06-17T09:46:55.193484+00:00
Virtual Visa International,1.0,USD,2024-06-17T09:46:56.740256+00:00
ACH,5.0,USD,2024-06-17T09:46:56.769403+00:00
Venmo,100.0,USD,2024-06-17T09:46:56.796409+00:00
PayPal,5.0,USD,2024-06-17T09:46:56.825461+00:00
Amazon.de,1.0,EUR,2024-06-17T09:46:56.855860+00:00
PayPal,20.0,EUR,2024-06-17T09:46:56.888089+00:00
PayPal,50.0,EUR,2024-06-17T09:46:56.916527+00:00
PayPal,5.0,GBP,2024-06-17T09:46:56.944109+00:00
Esselunga IT,10.0,EUR,2024-06-17T09:46:56.972955+00:00
Amazon.it,2.0,EUR,2024-06-17T09:46:57.006539+00:00
PayPal,5.0,EUR,2024-06-17T09:46:57.038172+00:00
PayPal International,5.0,EUR,2024-06-17T09:46:57.069014+00:00
PayPal,20.0,EUR,2024-06-17T09:46:57.097317+00:00
PayPal,5.0,USD,2024-06-17T09:46:57.123657+00:00
Amazon.com,50.0,USD,2024-06-17T09:46:57.152825+00:00
PayPal,20.0,AUD,2024-06-17T09:46:57.183226+00:00
PayPal,20.0,AUD,2024-06-17T09:46:57.214421+00:00
PayPal,10.0,EUR,2024-06-17T09:46:57.244720+00:00
Bol.com NL,5.0,EUR,2024-06-17T09:46:57.274157+00:00
Amazon.de,10.0,EUR,2024-06-17T09:46:57.303917+00:00
PayPal International,5.0,EUR,2024-06-17T09:46:58.854359+00:00
PayPal,5.0,GBP,2024-06-17T09:46:58.884746+00:00
PayPal,10.0,GBP,2024-06-17T09:46:58.919096+00:00
PayPal,5.0,GBP,2024-06-17T09:46:58.948869+00:00
Virtual Visa International,1.0,USD,2024-06-17T09:46:58.982696+00:00
ACH,5.0,USD,2024-06-17T09:46:59.019567+00:00
Venmo,100.0,USD,2024-06-17T09:46:59.050577+00:00
PayPal,5.0,USD,2024-06-17T09:46:59.079104+00:00
Amazon.de,1.0,EUR,2024-06-17T09:46:59.104149+00:00
PayPal,20.0,EUR,2024-06-17T09:46:59.131548+00:00
PayPal,50.0,EUR,2024-06-17T09:46:59.158262+00:00
PayPal,5.0,GBP,2024-06-17T09:46:59.190735+00:00
Esselunga IT,10.0,EUR,2024-06-17T09:46:59.218379+00:00
Amazon.it,2.0,EUR,2024-06-17T09:46:59.248621+00:00
PayPal,5.0,EUR,2024-06-17T09:46:59.276341+00:00
PayPal International,5.0,EUR,2024-06-17T09:46:59.311001+00:00
PayPal,20.0,EUR,2024-06-17T09:46:59.349643+00:00
PayPal,5.0,USD,2024-06-17T09:46:59.378459+00:00
Amazon.com,50.0,USD,2024-06-17T09:46:59.409073+00:00
PayPal,20.0,AUD,2024-06-17T09:46:59.436046+00:00
PayPal International,5.0,EUR,2024-06-17T09:47:00.986582+00:00
PayPal,5.0,GBP,2024-06-17T09:47:01.020286+00:00
PayPal,10.0,GBP,2024-06-17T09:47:01.051858+00:00
PayPal,5.0,GBP,2024-06-17T09:47:01.084495+00:00
Virtual Visa International,1.0,USD,2024-06-17T09:47:01.114522+00:00
ACH,5.0,USD,2024-06-17T09:47:01.144528+00:00
Venmo,100.0,USD,2024-06-17T09:47:01.177493+00:00
PayPal,5.0,USD,2024-06-17T09:47:01.213018+00:00
Amazon.de,1.0,EUR,2024-06-17T09:47:01.242288+00:00
PayPal,20.0,EUR,2024-06-17T09:47:01.268922+00:00
PayPal,50.0,EUR,2024-06-17T09:47:01.298582+00:00
PayPal,5.0,GBP,2024-06-17T09:47:01.322789+00:00
Esselunga IT,10.0,EUR,2024-06-17T09:47:01.350879+00:00
Amazon.it,2.0,EUR,2024-06-17T09:47:01.379967+00:00
PayPal,5.0,EUR,2024-06-17T09:47:01.406465+00:00
PayPal International,5.0,EUR,2024-06-17T09:47:01.440253+00:00
PayPal,20.0,EUR,2024-06-17T09:47:01.471905+00:00
PayPal,5.0,USD,2024-06-17T09:47:01.502561+00:00
Amazon.com,50.0,USD,2024-06-17T09:47:01.529077+00:00
PayPal,20.0,AUD,2024-06-17T09:47:01.558085+00:00
PayPal,10.0,EUR,2024-06-17T09:47:03.108463+00:00
PayPal International,5.0,EUR,2024-06-17T09:47:03.140460+00:00
PayPal,5.0,GBP,2024-06-17T09:47:03.165471+00:00
PayPal,10.0,GBP,2024-06-17T09:47:03.195039+00:00
PayPal,5.0,GBP,2024-06-17T09:47:03.225357+00:00
Virtual Visa International,1.0,USD,2024-06-17T09:47:03.260415+00:00
ACH,5.0,USD,2024-06-17T09:47:03.288047+00:00
Venmo,100.0,USD,2024-06-17T09:47:03.315224+00:00
PayPal,5.0,USD,2024-06-17T09:47:03.346361+00:00
Amazon.de,1.0,EUR,2024-06-17T09:47:03.376128+00:00
PayPal,20.0,EUR,2024-06-17T09:47:03.401130+00:00
PayPal,50.0,EUR,2024-06-17T09:47:03.427575+00:00
PayPal,5.0,GBP,2024-06-17T09:47:03.459683+00:00
Esselunga IT,10.0,EUR,2024-06-17T09:47:03.489216+00:00
Amazon.it,2.0,EUR,2024-06-17T09:47:03.520272+00:00
PayPal,5.0,EUR,2024-06-17T09:47:03.554380+00:00
PayPal International,5.0,EUR,2024-06-17T09:47:03.599648+00:00
PayPal,20.0,EUR,2024-06-17T09:47:03.636098+00:00
PayPal,5.0,USD,2024-06-17T09:47:03.664776+00:00
Amazon.com,50.0,USD,2024-06-17T09:47:03.691874+00:00
PayPal,5.0,GBP,2024-06-17T09:47:05.234537+00:00
Sainsbury's,50.0,GBP,2024-06-17T09:47:05.261059+00:00
PayPal,10.0,EUR,2024-06-17T09:47:05.288118+00:00
PayPal International,5.0,EUR,2024-06-17T09:47:05.314243+00:00
PayPal,5.0,GBP,2024-06-17T09:47:05.340284+00:00
PayPal,10.0,GBP,2024-06-17T09:47:05.364042+00:00
PayPal,5.0,GBP,2024-06-17T09:47:05.388121+00:00
Virtual Visa International,1.0,USD,2024-06-17T09:47:05.413583+00:00
ACH,5.0,USD,2024-06-17T09:47:05.439006+00:00
Venmo,100.0,USD,2024-06-17T09:47:05.465632+00:00
PayPal,5.0,USD,2024-06-17T09:47:05.493641+00:00
Amazon.de,1.0,EUR,2024-06-17T09:47:05.518618+00:00
PayPal,20.0,EUR,2024-06-17T09:47:05.546425+00:00
PayPal,50.0,EUR,2024-06-17T09:47:05.572770+00:00
PayPal,5.0,GBP,2024-06-17T09:47:05.597053+00:00
Esselunga IT,10.0,EUR,2024-06-17T09:47:05.623858+00:00
Amazon.it,2.0,EUR,2024-06-17T09:47:05.648854+00:00
PayPal,5.0,EUR,2024-06-17T09:47:05.673771+00:00
PayPal International,5.0,EUR,2024-06-17T09:47:05.697239+00:00
PayPal,20.0,EUR,2024-06-17T09:47:05.722958+00:00
PayPal,20.0,EUR,2024-06-17T09:47:09.332642+00:00
PayPal,5.0,EUR,2024-06-17T09:47:09.358148+00:00
Amazon.co.uk,10.0,GBP,2024-06-17T09:47:09.384031+00:00
PayPal,5.0,GBP,2024-06-17T09:47:09.408510+00:00
PayPal,5.0,GBP,2024-06-17T09:47:09.433660+00:00
Sainsbury's,50.0,GBP,2024-06-17T09:47:09.460141+00:00
PayPal,10.0,EUR,2024-06-17T09:47:09.488115+00:00
PayPal International,5.0,EUR,2024-06-17T09:47:09.513937+00:00
PayPal,5.0,GBP,2024-06-17T09:47:09.537187+00:00
PayPal,10.0,GBP,2024-06-17T09:47:09.564281+00:00
PayPal,5.0,GBP,2024-06-17T09:47:09.587671+00:00
Virtual Visa International,1.0,USD,2024-06-17T09:47:09.611388+00:00
ACH,5.0,USD,2024-06-17T09:47:09.636872+00:00
Venmo,100.0,USD,2024-06-17T09:47:09.660096+00:00
PayPal,5.0,USD,2024-06-17T09:47:09.683320+00:00
Amazon.de,1.0,EUR,2024-06-17T09:47:09.708434+00:00
PayPal,20.0,EUR,2024-06-17T09:47:09.733077+00:00
PayPal,50.0,EUR,2024-06-17T09:47:09.759883+00:00
PayPal,5.0,GBP,2024-06-17T09:47:09.782024+00:00
Esselunga IT,10.0,EUR,2024-06-17T09:47:09.805791+00:00
PayPal,5.0,USD,2024-06-17T09:47:13.072376+00:00
Amazon.it,1.0,EUR,2024-06-17T09:47:13.101597+00:00
PayPal,20.0,AUD,2024-06-17T09:47:13.127623+00:00
PayPal,10.0,EUR,2024-06-17T09:47:13.155170+00:00
PayPal,50.0,GBP,2024-06-17T09:47:13.183193+00:00
Virtual Visa,10.0,USD,2024-06-17T09:47:13.210796+00:00
PayPal,5.0,GBP,2024-06-17T09:47:13.235752+00:00
PayPal,20.0,EUR,2024-06-17T09:47:13.261857+00:00
PayPal,5.0,EUR,2024-06-17T09:47:13.284600+00:00
Amazon.co.uk,10.0,GBP,2024-06-17T09:47:13.309420+00:00
PayPal,5.0,GBP,2024-06-17T09:47:13.334267+00:00
PayPal,5.0,GBP,2024-06-17T09:47:13.359243+00:00
Sainsbury's,50.0,GBP,2024-06-17T09:47:13.391317+00:00
PayPal,10.0,EUR,2024-06-17T09:47:13.417999+00:00
PayPal International,5.0,EUR,2024-06-17T09:47:13.442240+00:00
PayPal,5.0,GBP,2024-06-17T09:47:13.469380+00:00
PayPal,10.0,GBP,2024-06-17T09:47:13.496091+00:00
PayPal,5.0,GBP,2024-06-17T09:47:13.520863+00:00
Virtual Visa International,1.0,USD,2024-06-17T09:47:13.545219+00:00
ACH,5.0,USD,2024-06-17T09:47:13.570343+00:00
Amazon.co.uk,5.0,GBP,2024-06-17T09:47:15.112402+00:00
PayPal,5.0,USD,2024-06-17T09:47:15.138094+00:00
PayPal,5.0,USD,2024-06-17T09:47:15.163363+00:00
Amazon.it,1.0,EUR,2024-06-17T09:47:15.188363+00:00
PayPal,20.0,AUD,2024-06-17T09:47:15.214397+00:00
PayPal,10.0,EUR,2024-06-17T09:47:15.237526+00:00
PayPal,50.0,GBP,2024-06-17T09:47:15.259891+00:00
Virtual Visa,10.0,USD,2024-06-17T09:47:15.284990+00:00
PayPal,5.0,GBP,2024-06-17T09:47:15.308918+00:00
PayPal,20.0,EUR,2024-06-17T09:47:15.333383+00:00
PayPal,5.0,EUR,2024-06-17T09:47:15.356710+00:00
Amazon.co.uk,10.0,GBP,2024-06-17T09:47:15.382611+00:00
PayPal,5.0,GBP,2024-06-17T09:47:15.408035+00:00
PayPal,5.0,GBP,2024-06-17T09:47:15.437499+00:00
Sainsbury's,50.0,GBP,2024-06-17T09:47:15.464668+00:00
PayPal,10.0,EUR,2024-06-17T09:47:15.490963+00:00
PayPal International,5.0,EUR,2024-06-17T09:47:15.515604+00:00
PayPal,5.0,GBP,2024-06-17T09:47:15.539351+00:00
PayPal,10.0,GBP,2024-06-17T09:47:15.563405+00:00
PayPal,5.0,GBP,2024-06-17T09:47:15.588498+00:00
PayPal International,10.0,EUR,2024-06-17T09:47:17.140531+00:00
Amazon.co.uk,5.0,GBP,2024-06-17T09:47:17.169472+00:00
PayPal,5.0,USD,2024-06-17T09:47:17.193960+00:00
PayPal,5.0,USD,2024-06-17T09:47:17.220362+00:00
Amazon.it,1.0,EUR,2024-06-17T09:47:17.243818+00:00
PayPal,20.0,AUD,2024-06-17T09:47:17.268328+00:00
PayPal,10.0,EUR,2024-06-17T09:47:17.290942+00:00
PayPal,50.0,GBP,2024-06-17T09:47:17.316506+00:00
Virtual Visa,10.0,USD,2024-06-17T09:47:17.340543+00:00
PayPal,5.0,GBP,2024-06-17T09:47:17.367481+00:00
PayPal,20.0,EUR,2024-06-17T09:47:17.391618+00:00
PayPal,5.0,EUR,2024-06-17T09:47:17.416145+00:00
Amazon.co.uk,10.0,GBP,2024-06-17T09:47:17.441223+00:00
PayPal,5.0,GBP,2024-06-17T09:47:17.474830+00:00
PayPal,5.0,GBP,2024-06-17T09:47:17.499827+00:00
Sainsbury's,50.0,GBP,2024-06-17T09:47:17.529646+00:00
PayPal,10.0,EUR,2024-06-17T09:47:17.559586+00:00
PayPal International,5.0,EUR,2024-06-17T09:47:17.582894+00:00
PayPal,5.0,GBP,2024-06-17T09:47:17.606598+00:00
PayPal,10.0,GBP,2024-06-17T09:47:17.631326+00:00
PayPal International,10.0,EUR,2024-06-17T09:47:19.201132+00:00
Amazon.co.uk,5.0,GBP,2024-06-17T09:47:19.227417+00:00
PayPal,5.0,USD,2024-06-17T09:47:19.260423+00:00
PayPal,5.0,USD,2024-06-17T09:47:19.285403+00:00
Amazon.it,1.0,EUR,2024-06-17T09:47:19.310707+00:00
PayPal,20.0,AUD,2024-06-17T09:47:19.335716+00:00
PayPal,10.0,EUR,2024-06-17T09:47:19.362441+00:00
PayPal,50.0,GBP,2024-06-17T09:47:19.388159+00:00
Virtual Visa,10.0,USD,2024-06-17T09:47:19.411913+00:00
PayPal,5.0,GBP,2024-06-17T09:47:19.436074+00:00
PayPal,20.0,EUR,2024-06-17T09:47:19.464054+00:00
PayPal,5.0,EUR,2024-06-17T09:47:19.491095+00:00
Amazon.co.uk,10.0,GBP,2024-06-17T09:47:19.517170+00:00
PayPal,5.0,GBP,2024-06-17T09:47:19.540374+00:00
PayPal,5.0,GBP,2024-06-17T09:47:19.563880+00:00
Sainsbury's,50.0,GBP,2024-06-17T09:47:19.587423+00:00
PayPal,10.0,EUR,2024-06-17T09:47:19.612076+00:00
PayPal International,5.0,EUR,2024-06-17T09:47:19.637372+00:00
PayPal,5.0,GBP,2024-06-17T09:47:19.661139+00:00
PayPal,10.0,GBP,2024-06-17T09:47:19.684828+00:00
Amazon.com,5.0,USD,2024-06-17T09:47:21.251863+00:00
PayPal,5.0,AUD,2024-06-17T09:47:21.278735+00:00
PayPal,100.0,EUR,2024-06-17T09:47:21.303553+00:00
PayPal International,10.0,EUR,2024-06-17T09:47:21.328004+00:00
Amazon.co.uk,5.0,GBP,2024-06-17T09:47:21.352159+00:00
PayPal,5.0,USD,2024-06-17T09:47:21.376507+00:00
PayPal,5.0,USD,2024-06-17T09:47:21.401709+00:00
Amazon.it,1.0,EUR,2024-06-17T09:47:21.424611+00:00
PayPal,20.0,AUD,2024-06-17T09:47:21.450748+00:00
PayPal,10.0,EUR,2024-06-17T09:47:21.478454+00:00
PayPal,50.0,GBP,2024-06-17T09:47:21.512265+00:00
Virtual Visa,10.0,USD,2024-06-17T09:47:21.540333+00:00
PayPal,5.0,GBP,2024-06-17T09:47:21.565596+00:00
PayPal,20.0,EUR,2024-06-17T09:47:21.589087+00:00
PayPal,5.0,EUR,2024-06-17T09:47:21.612713+00:00
Amazon.co.uk,10.0,GBP,2024-06-17T09:47:21.637027+00:00
PayPal,5.0,GBP,2024-06-17T09:47:21.662025+00:00
PayPal,5.0,GBP,2024-06-17T09:47:21.687162+00:00
Sainsbury's,50.0,GBP,2024-06-17T09:47:21.711871+00:00
PayPal,10.0,EUR,2024-06-17T09:47:21.738869+00:00
PayPal,20.0,USD,2024-06-17T09:47:23.288995+00:00
PayPal,10.0,AUD,2024-06-17T09:47:23.319361+00:00
Amazon.com,5.0,USD,2024-06-17T09:47:23.345616+00:00
PayPal,5.0,AUD,2024-06-17T09:47:23.375061+00:00
PayPal,100.0,EUR,2024-06-17T09:47:23.402341+00:00
PayPal International,10.0,EUR,2024-06-17T09:47:23.435277+00:00
Amazon.co.uk,5.0,GBP,2024-06-17T09:47:23.471872+00:00
PayPal,5.0,USD,2024-06-17T09:47:23.499018+00:00
PayPal,5.0,USD,2024-06-17T09:47:23.523548+00:00
Amazon.it,1.0,EUR,2024-06-17T09:47:23.549994+00:00
PayPal,20.0,AUD,2024-06-17T09:47:23.578660+00:00
PayPal,10.0,EUR,2024-06-17T09:47:23.605806+00:00
PayPal,50.0,GBP,2024-06-17T09:47:23.631408+00:00
Virtual Visa,10.0,USD,2024-06-17T09:47:23.657939+00:00
PayPal,5.0,GBP,2024-06-17T09:47:23.685542+00:00
PayPal,20.0,EUR,2024-06-17T09:47:23.710176+00:00
PayPal,5.0,EUR,2024-06-17T09:47:23.736698+00:00
Amazon.co.uk,10.0,GBP,2024-06-17T09:47:23.762769+00:00
PayPal,5.0,GBP,2024-06-17T09:47:23.788298+00:00
PayPal,5.0,GBP,2024-06-17T09:47:23.814046+00:00
PayPal,20.0,USD,2024-06-17T09:47:25.354496+00:00
PayPal,10.0,AUD,2024-06-17T09:47:25.380740+00:00
Amazon.com,5.0,USD,2024-06-17T09:47:25.405534+00:00
PayPal,5.0,AUD,2024-06-17T09:47:25.431050+00:00
PayPal,100.0,EUR,2024-06-17T09:47:25.457875+00:00
PayPal International,10.0,EUR,2024-06-17T09:47:25.484961+00:00
Amazon.co.uk,5.0,GBP,2024-06-17T09:47:25.510011+00:00
PayPal,5.0,USD,2024-06-17T09:47:25.534499+00:00
PayPal,5.0,USD,2024-06-17T09:47:25.558799+00:00
Amazon.it,1.0,EUR,2024-06-17T09:47:25.582370+00:00
PayPal,20.0,AUD,2024-06-17T09:47:25.618808+00:00
PayPal,10.0,EUR,2024-06-17T09:47:25.643114+00:00
PayPal,50.0,GBP,2024-06-17T09:47:25.667508+00:00
Virtual Visa,10.0,USD,2024-06-17T09:47:25.690422+00:00
PayPal,5.0,GBP,2024-06-17T09:47:25.716224+00:00
PayPal,20.0,EUR,2024-06-17T09:47:25.740169+00:00
PayPal,5.0,EUR,2024-06-17T09:47:25.765128+00:00
Amazon.co.uk,10.0,GBP,2024-06-17T09:47:25.790468+00:00
PayPal,5.0,GBP,2024-06-17T09:47:25.813484+00:00
PayPal,5.0,GBP,2024-06-17T09:47:25.838923+00:00
PayPal,20.0,AUD,2024-06-17T09:47:27.381637+00:00
PayPal,5.0,GBP,2024-06-17T09:47:27.406053+00:00
PayPal,100.0,EUR,2024-06-17T09:47:27.431305+00:00
PayPal,20.0,USD,2024-06-17T09:47:27.455887+00:00
PayPal,10.0,AUD,2024-06-17T09:47:27.482870+00:00
Amazon.com,5.0,USD,2024-06-17T09:47:27.507476+00:00
PayPal,5.0,AUD,2024-06-17T09:47:27.531894+00:00
PayPal,100.0,EUR,2024-06-17T09:47:27.558316+00:00
PayPal International,10.0,EUR,2024-06-17T09:47:27.582541+00:00
Amazon.co.uk,5.0,GBP,2024-06-17T09:47:27.607256+00:00
PayPal,5.0,USD,2024-06-17T09:47:27.635504+00:00
PayPal,5.0,USD,2024-06-17T09:47:27.661726+00:00
Amazon.it,1.0,EUR,2024-06-17T09:47:27.685554+00:00
PayPal,20.0,AUD,2024-06-17T09:47:27.711626+00:00
PayPal,10.0,EUR,2024-06-17T09:47:27.735932+00:00
PayPal,50.0,GBP,2024-06-17T09:47:27.759063+00:00
Virtual Visa,10.0,USD,2024-06-17T09:47:27.783818+00:00
PayPal,5.0,GBP,2024-06-17T09:47:27.808764+00:00
PayPal,20.0,EUR,2024-06-17T09:47:27.834130+00:00
PayPal,5.0,EUR,2024-06-17T09:47:27.860792+00:00
PayPal,20.0,AUD,2024-06-17T09:47:29.401600+00:00
PayPal,5.0,GBP,2024-06-17T09:47:29.425632+00:00
PayPal,100.0,EUR,2024-06-17T09:47:29.449065+00:00
PayPal,20.0,USD,2024-06-17T09:47:29.476985+00:00
PayPal,10.0,AUD,2024-06-17T09:47:29.504924+00:00
Amazon.com,5.0,USD,2024-06-17T09:47:29.529152+00:00
PayPal,5.0,AUD,2024-06-17T09:47:29.566172+00:00
PayPal,100.0,EUR,2024-06-17T09:47:29.589321+00:00
PayPal International,10.0,EUR,2024-06-17T09:47:29.613524+00:00
Amazon.co.uk,5.0,GBP,2024-06-17T09:47:29.638404+00:00
PayPal,5.0,USD,2024-06-17T09:47:29.665569+00:00
PayPal,5.0,USD,2024-06-17T09:47:29.690814+00:00
Amazon.it,1.0,EUR,2024-06-17T09:47:29.715226+00:00
PayPal,20.0,AUD,2024-06-17T09:47:29.739668+00:00
PayPal,10.0,EUR,2024-06-17T09:47:29.764843+00:00
PayPal,50.0,GBP,2024-06-17T09:47:29.789857+00:00
Virtual Visa,10.0,USD,2024-06-17T09:47:29.814523+00:00
PayPal,5.0,GBP,2024-06-17T09:47:29.837394+00:00
PayPal,20.0,EUR,2024-06-17T09:47:29.862988+00:00
PayPal,5.0,EUR,2024-06-17T09:47:29.887089+00:00
PayPal,20.0,AUD,2024-06-17T09:47:31.429661+00:00
PayPal,5.0,GBP,2024-06-17T09:47:31.456247+00:00
PayPal,100.0,EUR,2024-06-17T09:47:31.485383+00:00
PayPal,20.0,USD,2024-06-17T09:47:31.510741+00:00
PayPal,10.0,AUD,2024-06-17T09:47:31.534922+00:00
Amazon.com,5.0,USD,2024-06-17T09:47:31.558447+00:00
PayPal,5.0,AUD,2024-06-17T09:47:31.584081+00:00
PayPal,100.0,EUR,2024-06-17T09:47:31.607931+00:00
PayPal International,10.0,EUR,2024-06-17T09:47:31.632487+00:00
Amazon.co.uk,5.0,GBP,2024-06-17T09:47:31.656112+00:00
PayPal,5.0,USD,2024-06-17T09:47:31.679878+00:00
PayPal,5.0,USD,2024-06-17T09:47:31.707838+00:00
Amazon.it,1.0,EUR,2024-06-17T09:47:31.733586+00:00
PayPal,20.0,AUD,2024-06-17T09:47:31.758473+00:00
PayPal,10.0,EUR,2024-06-17T09:47:31.784357+00:00
PayPal,50.0,GBP,2024-06-17T09:47:31.810166+00:00
Virtual Visa,10.0,USD,2024-06-17T09:47:31.833628+00:00
PayPal,5.0,GBP,2024-06-17T09:47:31.856279+00:00
PayPal,20.0,EUR,2024-06-17T09:47:31.880656+00:00
PayPal,5.0,EUR,2024-06-17T09:47:31.909295+00:00
PayPal,5.0,GBP,2024-06-17T09:47:33.453110+00:00
PayPal,5.0,GBP,2024-06-17T09:47:33.482275+00:00
Amazon.co.uk,10.0,GBP,2024-06-17T09:47:33.504915+00:00
Revolut,1.0,EUR,2024-06-17T09:47:33.531315+00:00
PayPal,20.0,AUD,2024-06-17T09:47:33.563056+00:00
PayPal,5.0,GBP,2024-06-17T09:47:33.588285+00:00
PayPal,100.0,EUR,2024-06-17T09:47:33.612807+00:00
PayPal,20.0,USD,2024-06-17T09:47:33.636627+00:00
PayPal,10.0,AUD,2024-06-17T09:47:33.661870+00:00
Amazon.com,5.0,USD,2024-06-17T09:47:33.687317+00:00
PayPal,5.0,AUD,2024-06-17T09:47:33.713192+00:00
PayPal,100.0,EUR,2024-06-17T09:47:33.739046+00:00
PayPal International,10.0,EUR,2024-06-17T09:47:33.764544+00:00
Amazon.co.uk,5.0,GBP,2024-06-17T09:47:33.788926+00:00
PayPal,5.0,USD,2024-06-17T09:47:33.813424+00:00
PayPal,5.0,USD,2024-06-17T09:47:33.837296+00:00
Amazon.it,1.0,EUR,2024-06-17T09:47:33.861432+00:00
PayPal,20.0,AUD,2024-06-17T09:47:33.886118+00:00
PayPal,10.0,EUR,2024-06-17T09:47:33.911999+00:00
PayPal,50.0,GBP,2024-06-17T09:47:33.936772+00:00
PayPal,50.0,GBP,2024-06-17T09:47:37.052128+00:00
PayPal,50.0,EUR,2024-06-17T09:47:37.076042+00:00
PayPal,5.0,GBP,2024-06-17T09:47:37.102213+00:00
PayPal,5.0,USD,2024-06-17T09:47:37.127338+00:00
PayPal,5.0,GBP,2024-06-17T09:47:37.153942+00:00
PayPal,5.0,GBP,2024-06-17T09:47:37.178386+00:00
Amazon.co.uk,10.0,GBP,2024-06-17T09:47:37.202383+00:00
Revolut,1.0,EUR,2024-06-17T09:47:37.225760+00:00
PayPal,20.0,AUD,2024-06-17T09:47:37.250476+00:00
PayPal,5.0,GBP,2024-06-17T09:47:37.274956+00:00
PayPal,100.0,EUR,2024-06-17T09:47:37.299227+00:00
PayPal,20.0,USD,2024-06-17T09:47:37.322916+00:00
PayPal,10.0,AUD,2024-06-17T09:47:37.346692+00:00
Amazon.com,5.0,USD,2024-06-17T09:47:37.371795+00:00
PayPal,5.0,AUD,2024-06-17T09:47:37.395979+00:00
PayPal,100.0,EUR,2024-06-17T09:47:37.420513+00:00
PayPal International,10.0,EUR,2024-06-17T09:47:37.456062+00:00
Amazon.co.uk,5.0,GBP,2024-06-17T09:47:37.481371+00:00
PayPal,5.0,USD,2024-06-17T09:47:37.508405+00:00
PayPal,5.0,USD,2024-06-17T09:47:37.533196+00:00
PayPal,10.0,EUR,2024-06-17T09:47:39.080938+00:00
PayPal,50.0,GBP,2024-06-17T09:47:39.104424+00:00
PayPal,50.0,EUR,2024-06-17T09:47:39.128623+00:00
PayPal,5.0,GBP,2024-06-17T09:47:39.153181+00:00
PayPal,5.0,USD,2024-06-17T09:47:39.178689+00:00
PayPal,5.0,GBP,2024-06-17T09:47:39.201714+00:00
PayPal,5.0,GBP,2024-06-17T09:47:39.225574+00:00
Amazon.co.uk,10.0,GBP,2024-06-17T09:47:39.249851+00:00
Revolut,1.0,EUR,2024-06-17T09:47:39.274479+00:00
PayPal,20.0,AUD,2024-06-17T09:47:39.299473+00:00
PayPal,5.0,GBP,2024-06-17T09:47:39.324831+00:00
PayPal,100.0,EUR,2024-06-17T09:47:39.348322+00:00
PayPal,20.0,USD,2024-06-17T09:47:39.372826+00:00
PayPal,10.0,AUD,2024-06-17T09:47:39.396300+00:00
Amazon.com,5.0,USD,2024-06-17T09:47:39.420932+00:00
PayPal,5.0,AUD,2024-06-17T09:47:39.445490+00:00
PayPal,100.0,EUR,2024-06-17T09:47:39.472175+00:00
PayPal International,10.0,EUR,2024-06-17T09:47:39.498104+00:00
Amazon.co.uk,5.0,GBP,2024-06-17T09:47:39.527306+00:00
PayPal,5.0,USD,2024-06-17T09:47:39.552715+00:00
PayPal,10.0,EUR,2024-06-17T09:47:41.095591+00:00
PayPal,50.0,GBP,2024-06-17T09:47:41.120106+00:00
PayPal,50.0,EUR,2024-06-17T09:47:41.144957+00:00
PayPal,5.0,GBP,2024-06-17T09:47:41.171227+00:00
PayPal,5.0,USD,2024-06-17T09:47:41.196432+00:00
PayPal,5.0,GBP,2024-06-17T09:47:41.219514+00:00
PayPal,5.0,GBP,2024-06-17T09:47:41.243058+00:00
Amazon.co.uk,10.0,GBP,2024-06-17T09:47:41.268326+00:00
Revolut,1.0,EUR,2024-06-17T09:47:41.292812+00:00
PayPal,20.0,AUD,2024-06-17T09:47:41.317659+00:00
PayPal,5.0,GBP,2024-06-17T09:47:41.342360+00:00
PayPal,100.0,EUR,2024-06-17T09:47:41.365053+00:00
PayPal,20.0,USD,2024-06-17T09:47:41.391612+00:00
PayPal,10.0,AUD,2024-06-17T09:47:41.417359+00:00
Amazon.com,5.0,USD,2024-06-17T09:47:41.443007+00:00
PayPal,5.0,AUD,2024-06-17T09:47:41.470287+00:00
PayPal,100.0,EUR,2024-06-17T09:47:41.497227+00:00
PayPal International,10.0,EUR,2024-06-17T09:47:41.521454+00:00
Amazon.co.uk,5.0,GBP,2024-06-17T09:47:41.549053+00:00
PayPal,5.0,USD,2024-06-17T09:47:41.571408+00:00
PayPal,20.0,USD,2024-06-17T09:47:43.117730+00:00
PayPal,5.0,EUR,2024-06-17T09:47:43.141306+00:00
PayPal,5.0,EUR,2024-06-17T09:47:43.167153+00:00
PayPal,10.0,EUR,2024-06-17T09:47:43.191157+00:00
PayPal,50.0,GBP,2024-06-17T09:47:43.213986+00:00
PayPal,50.0,EUR,2024-06-17T09:47:43.237995+00:00
PayPal,5.0,GBP,2024-06-17T09:47:43.261508+00:00
PayPal,5.0,USD,2024-06-17T09:47:43.286904+00:00
PayPal,5.0,GBP,2024-06-17T09:47:43.312284+00:00
PayPal,5.0,GBP,2024-06-17T09:47:43.335501+00:00
Amazon.co.uk,10.0,GBP,2024-06-17T09:47:43.359415+00:00
Revolut,1.0,EUR,2024-06-17T09:47:43.384351+00:00
PayPal,20.0,AUD,2024-06-17T09:47:43.407682+00:00
PayPal,5.0,GBP,2024-06-17T09:47:43.432638+00:00
PayPal,100.0,EUR,2024-06-17T09:47:43.457325+00:00
PayPal,20.0,USD,2024-06-17T09:47:43.482067+00:00
PayPal,10.0,AUD,2024-06-17T09:47:43.508672+00:00
Amazon.com,5.0,USD,2024-06-17T09:47:43.533692+00:00
PayPal,5.0,AUD,2024-06-17T09:47:43.559526+00:00
PayPal,100.0,EUR,2024-06-17T09:47:43.584458+00:00
Marks and Spencer,50.0,GBP,2024-06-17T09:47:45.132221+00:00
PayPal,20.0,AUD,2024-06-17T09:47:45.162530+00:00
PayPal,20.0,USD,2024-06-17T09:47:45.192663+00:00
PayPal,5.0,EUR,2024-06-17T09:47:45.228146+00:00
PayPal,5.0,EUR,2024-06-17T09:47:45.256802+00:00
PayPal,10.0,EUR,2024-06-17T09:47:45.281858+00:00
PayPal,50.0,GBP,2024-06-17T09:47:45.306404+00:00
PayPal,50.0,EUR,2024-06-17T09:47:45.330152+00:00
PayPal,5.0,GBP,2024-06-17T09:47:45.354311+00:00
PayPal,5.0,USD,2024-06-17T09:47:45.379382+00:00
PayPal,5.0,GBP,2024-06-17T09:47:45.406746+00:00
PayPal,5.0,GBP,2024-06-17T09:47:45.430893+00:00
Amazon.co.uk,10.0,GBP,2024-06-17T09:47:45.457105+00:00
Revolut,1.0,EUR,2024-06-17T09:47:45.485459+00:00
PayPal,20.0,AUD,2024-06-17T09:47:45.520553+00:00
PayPal,5.0,GBP,2024-06-17T09:47:45.545114+00:00
PayPal,100.0,EUR,2024-06-17T09:47:45.569841+00:00
PayPal,20.0,USD,2024-06-17T09:47:45.597811+00:00
PayPal,10.0,AUD,2024-06-17T09:47:45.621454+00:00
Amazon.com,5.0,USD,2024-06-17T09:47:45.644602+00:00
Coles AU,100.0,AUD,2024-06-17T09:47:48.736240+00:00
Revolut,2.0,GBP,2024-06-17T09:47:48.760752+00:00
Marks and Spencer,50.0,GBP,2024-06-17T09:47:48.784977+00:00
PayPal,20.0,AUD,2024-06-17T09:47:48.808472+00:00
PayPal,20.0,USD,2024-06-17T09:47:48.833339+00:00
PayPal,5.0,EUR,2024-06-17T09:47:48.859395+00:00
PayPal,5.0,EUR,2024-06-17T09:47:48.883312+00:00
PayPal,10.0,EUR,2024-06-17T09:47:48.906901+00:00
PayPal,50.0,GBP,2024-06-17T09:47:48.932022+00:00
PayPal,50.0,EUR,2024-06-17T09:47:48.958071+00:00
PayPal,5.0,GBP,2024-06-17T09:47:48.984251+00:00
PayPal,5.0,USD,2024-06-17T09:47:49.008623+00:00
PayPal,5.0,GBP,2024-06-17T09:47:49.033741+00:00
PayPal,5.0,GBP,2024-06-17T09:47:49.058474+00:00
Amazon.co.uk,10.0,GBP,2024-06-17T09:47:49.081945+00:00
Revolut,1.0,EUR,2024-06-17T09:47:49.105939+00:00
PayPal,20.0,AUD,2024-06-17T09:47:49.130795+00:00
PayPal,5.0,GBP,2024-06-17T09:47:49.157886+00:00
PayPal,100.0,EUR,2024-06-17T09:47:49.182723+00:00
PayPal,20.0,USD,2024-06-17T09:47:49.208036+00:00
PayPal,5.0,GBP,2024-06-17T09:47:52.664015+00:00
Virtual Visa,10.0,USD,2024-06-17T09:47:52.691330+00:00
Coles AU,100.0,AUD,2024-06-17T09:47:52.716768+00:00
Revolut,2.0,GBP,2024-06-17T09:47:52.740697+00:00
Marks and Spencer,50.0,GBP,2024-06-17T09:47:52.765578+00:00
PayPal,20.0,AUD,2024-06-17T09:47:52.790444+00:00
PayPal,20.0,USD,2024-06-17T09:47:52.814470+00:00
PayPal,5.0,EUR,2024-06-17T09:47:52.839567+00:00
PayPal,5.0,EUR,2024-06-17T09:47:52.864591+00:00
PayPal,10.0,EUR,2024-06-17T09:47:52.887874+00:00
PayPal,50.0,GBP,2024-06-17T09:47:52.911761+00:00
PayPal,50.0,EUR,2024-06-17T09:47:52.936121+00:00
PayPal,5.0,GBP,2024-06-17T09:47:52.959923+00:00
PayPal,5.0,USD,2024-06-17T09:47:52.985678+00:00
PayPal,5.0,GBP,2024-06-17T09:47:53.010408+00:00
PayPal,5.0,GBP,2024-06-17T09:47:53.040217+00:00
Amazon.co.uk,10.0,GBP,2024-06-17T09:47:53.065450+00:00
Revolut,1.0,EUR,2024-06-17T09:47:53.090661+00:00
PayPal,20.0,AUD,2024-06-17T09:47:53.118805+00:00
PayPal,5.0,GBP,2024-06-17T09:47:53.142407+00:00
PayPal,10.0,GBP,2024-06-17T09:47:54.693720+00:00
PayPal,10.0,EUR,2024-06-17T09:47:54.721730+00:00
PayPal,5.0,USD,2024-06-17T09:47:54.747717+00:00
PayPal,5.0,GBP,2024-06-17T09:47:54.772250+00:00
Virtual Visa,10.0,USD,2024-06-17T09:47:54.796807+00:00
Coles AU,100.0,AUD,2024-06-17T09:47:54.820716+00:00
Revolut,2.0,GBP,2024-06-17T09:47:54.845717+00:00
Marks and Spencer,50.0,GBP,2024-06-17T09:47:54.870441+00:00
PayPal,20.0,AUD,2024-06-17T09:47:54.895008+00:00
PayPal,20.0,USD,2024-06-17T09:47:54.917399+00:00
PayPal,5.0,EUR,2024-06-17T09:47:54.941817+00:00
PayPal,5.0,EUR,2024-06-17T09:47:54.967165+00:00
PayPal,10.0,EUR,2024-06-17T09:47:54.992285+00:00
PayPal,50.0,GBP,2024-06-17T09:47:55.017711+00:00
PayPal,50.0,EUR,2024-06-17T09:47:55.045766+00:00
PayPal,5.0,GBP,2024-06-17T09:47:55.075663+00:00
PayPal,5.0,USD,2024-06-17T09:47:55.099829+00:00
PayPal,5.0,GBP,2024-06-17T09:47:55.124362+00:00
PayPal,5.0,GBP,2024-06-17T09:47:55.148527+00:00
Amazon.co.uk,10.0,GBP,2024-06-17T09:47:55.173353+00:00
PayPal,10.0,GBP,2024-06-17T09:47:56.714615+00:00
PayPal,10.0,EUR,2024-06-17T09:47:56.742278+00:00
PayPal,5.0,USD,2024-06-17T09:47:56.767314+00:00
PayPal,5.0,GBP,2024-06-17T09:47:56.791869+00:00
Virtual Visa,10.0,USD,2024-06-17T09:47:56.818273+00:00
Coles AU,100.0,AUD,2024-06-17T09:47:56.842798+00:00
Revolut,2.0,GBP,2024-06-17T09:47:56.870250+00:00
Marks and Spencer,50.0,GBP,2024-06-17T09:47:56.892205+00:00
PayPal,20.0,AUD,2024-06-17T09:47:56.917755+00:00
PayPal,20.0,USD,2024-06-17T09:47:56.943197+00:00
PayPal,5.0,EUR,2024-06-17T09:47:56.970816+00:00
PayPal,5.0,EUR,2024-06-17T09:47:56.996790+00:00
PayPal,10.0,EUR,2024-06-17T09:47:57.022391+00:00
PayPal,50.0,GBP,2024-06-17T09:47:57.049854+00:00
PayPal,50.0,EUR,2024-06-17T09:47:57.074528+00:00
PayPal,5.0,GBP,2024-06-17T09:47:57.103275+00:00
PayPal,5.0,USD,2024-06-17T09:47:57.127576+00:00
PayPal,5.0,GBP,2024-06-17T09:47:57.153969+00:00
PayPal,5.0,GBP,2024-06-17T09:47:57.181649+00:00
Amazon.co.uk,10.0,GBP,2024-06-17T09:47:57.206949+00:00
Esselunga IT,25.0,EUR,2024-06-17T09:47:58.746680+00:00
PayPal,5.0,GBP,2024-06-17T09:47:58.777324+00:00
PayPal,10.0,EUR,2024-06-17T09:47:58.804652+00:00
PayPal,10.0,GBP,2024-06-17T09:47:58.828996+00:00
PayPal,10.0,EUR,2024-06-17T09:47:58.854821+00:00
PayPal,5.0,USD,2024-06-17T09:47:58.882743+00:00
PayPal,5.0,GBP,2024-06-17T09:47:58.909878+00:00
Virtual Visa,10.0,USD,2024-06-17T09:47:58.936096+00:00
Coles AU,100.0,AUD,2024-06-17T09:47:58.962608+00:00
Revolut,2.0,GBP,2024-06-17T09:47:58.990061+00:00
Marks and Spencer,50.0,GBP,2024-06-17T09:47:59.016071+00:00
PayPal,20.0,AUD,2024-06-17T09:47:59.040976+00:00
PayPal,20.0,USD,2024-06-17T09:47:59.067087+00:00
PayPal,5.0,EUR,2024-06-17T09:47:59.092511+00:00
PayPal,5.0,EUR,2024-06-17T09:47:59.120746+00:00
PayPal,10.0,EUR,2024-06-17T09:47:59.154038+00:00
PayPal,50.0,GBP,2024-06-17T09:47:59.183584+00:00
PayPal,50.0,EUR,2024-06-17T09:47:59.208553+00:00
PayPal,5.0,GBP,2024-06-17T09:47:59.234087+00:00
PayPal,5.0,USD,2024-06-17T09:47:59.257887+00:00
PayPal International,5.0,EUR,2024-06-17T09:48:00.817973+00:00
PayPal,10.0,GBP,2024-06-17T09:48:00.845076+00:00
Esselunga IT,25.0,EUR,2024-06-17T09:48:00.871439+00:00
PayPal,5.0,GBP,2024-06-17T09:48:00.898344+00:00
PayPal,10.0,EUR,2024-06-17T09:48:00.925255+00:00
PayPal,10.0,GBP,2024-06-17T09:48:00.949615+00:00
PayPal,10.0,EUR,2024-06-17T09:48:00.975605+00:00
PayPal,5.0,USD,2024-06-17T09:48:01.001359+00:00
PayPal,5.0,GBP,2024-06-17T09:48:01.028016+00:00
Virtual Visa,10.0,USD,2024-06-17T09:48:01.052984+00:00
Coles AU,100.0,AUD,2024-06-17T09:48:01.077809+00:00
Revolut,2.0,GBP,2024-06-17T09:48:01.101695+00:00
Marks and Spencer,50.0,GBP,2024-06-17T09:48:01.126159+00:00
PayPal,20.0,AUD,2024-06-17T09:48:01.151112+00:00
PayPal,20.0,USD,2024-06-17T09:48:01.179040+00:00
PayPal,5.0,EUR,2024-06-17T09:48:01.214618+00:00
PayPal,5.0,EUR,2024-06-17T09:48:01.240149+00:00
PayPal,10.0,EUR,2024-06-17T09:48:01.264177+00:00
PayPal,50.0,GBP,2024-06-17T09:48:01.288015+00:00
PayPal,50.0,EUR,2024-06-17T09:48:01.313680+00:00
PayPal International,5.0,EUR,2024-06-17T09:48:02.857717+00:00
PayPal,10.0,GBP,2024-06-17T09:48:02.884557+00:00
Esselunga IT,25.0,EUR,2024-06-17T09:48:02.907650+00:00
PayPal,5.0,GBP,2024-06-17T09:48:02.931723+00:00
PayPal,10.0,EUR,2024-06-17T09:48:02.956289+00:00
PayPal,10.0,GBP,2024-06-17T09:48:02.980911+00:00
PayPal,10.0,EUR,2024-06-17T09:48:03.006973+00:00
PayPal,5.0,USD,2024-06-17T09:48:03.034339+00:00
PayPal,5.0,GBP,2024-06-17T09:48:03.058445+00:00
Virtual Visa,10.0,USD,2024-06-17T09:48:03.083665+00:00
Coles AU,100.0,AUD,2024-06-17T09:48:03.107553+00:00
Revolut,2.0,GBP,2024-06-17T09:48:03.131538+00:00
Marks and Spencer,50.0,GBP,2024-06-17T09:48:03.156991+00:00
PayPal,20.0,AUD,2024-06-17T09:48:03.182445+00:00
PayPal,20.0,USD,2024-06-17T09:48:03.210151+00:00
PayPal,5.0,EUR,2024-06-17T09:48:03.235099+00:00
PayPal,5.0,EUR,2024-06-17T09:48:03.258486+00:00
PayPal,10.0,EUR,2024-06-17T09:48:03.284410+00:00
PayPal,50.0,GBP,2024-06-17T09:48:03.308325+00:00
PayPal,50.0,EUR,2024-06-17T09:48:03.331685+00:00
PayPal,10.0,EUR,2024-06-17T09:48:06.775041+00:00
Amazon.fr,5.0,EUR,2024-06-17T09:48:06.806567+00:00
Amazon.de,10.0,EUR,2024-06-17T09:48:06.837703+00:00
Carrefour FR,10.0,EUR,2024-06-17T09:48:06.870209+00:00
PayPal,20.0,EUR,2024-06-17T09:48:06.904740+00:00
PayPal International,5.0,EUR,2024-06-17T09:48:06.931936+00:00
PayPal,10.0,GBP,2024-06-17T09:48:06.956337+00:00
Esselunga IT,25.0,EUR,2024-06-17T09:48:06.983393+00:00
PayPal,5.0,GBP,2024-06-17T09:48:07.008987+00:00
PayPal,10.0,EUR,2024-06-17T09:48:07.035768+00:00
PayPal,10.0,GBP,2024-06-17T09:48:07.060185+00:00
PayPal,10.0,EUR,2024-06-17T09:48:07.087595+00:00
PayPal,5.0,USD,2024-06-17T09:48:07.112674+00:00
PayPal,5.0,GBP,2024-06-17T09:48:07.137883+00:00
Virtual Visa,10.0,USD,2024-06-17T09:48:07.161944+00:00
Coles AU,100.0,AUD,2024-06-17T09:48:07.187441+00:00
Revolut,2.0,GBP,2024-06-17T09:48:07.213973+00:00
Marks and Spencer,50.0,GBP,2024-06-17T09:48:07.241560+00:00
PayPal,20.0,AUD,2024-06-17T09:48:07.264747+00:00
PayPal,20.0,USD,2024-06-17T09:48:07.289431+00:00
PayPal,100.0,USD,2024-06-17T09:48:08.853605+00:00
PayPal,10.0,EUR,2024-06-17T09:48:08.891320+00:00
PayPal,10.0,EUR,2024-06-17T09:48:08.932364+00:00
Amazon.fr,5.0,EUR,2024-06-17T09:48:08.965963+00:00
Amazon.de,10.0,EUR,2024-06-17T09:48:08.995566+00:00
Carrefour FR,10.0,EUR,2024-06-17T09:48:09.024669+00:00
PayPal,20.0,EUR,2024-06-17T09:48:09.054267+00:00
PayPal International,5.0,EUR,2024-06-17T09:48:09.080238+00:00
PayPal,10.0,GBP,2024-06-17T09:48:09.116559+00:00
Esselunga IT,25.0,EUR,2024-06-17T09:48:09.143388+00:00
PayPal,5.0,GBP,2024-06-17T09:48:09.168475+00:00
PayPal,10.0,EUR,2024-06-17T09:48:09.192418+00:00
PayPal,10.0,GBP,2024-06-17T09:48:09.216944+00:00
PayPal,10.0,EUR,2024-06-17T09:48:09.241664+00:00
PayPal,5.0,USD,2024-06-17T09:48:09.266987+00:00
PayPal,5.0,GBP,2024-06-17T09:48:09.294539+00:00
Virtual Visa,10.0,USD,2024-06-17T09:48:09.321092+00:00
Coles AU,100.0,AUD,2024-06-17T09:48:09.345004+00:00
Revolut,2.0,GBP,2024-06-17T09:48:09.371485+00:00
Marks and Spencer,50.0,GBP,2024-06-17T09:48:09.397355+00:00
PayPal,5.0,AUD,2024-06-17T09:48:10.938968+00:00
PayPal,100.0,USD,2024-06-17T09:48:10.962307+00:00
PayPal,10.0,EUR,2024-06-17T09:48:10.989991+00:00
PayPal,10.0,EUR,2024-06-17T09:48:11.015724+00:00
Amazon.fr,5.0,EUR,2024-06-17T09:48:11.040919+00:00
Amazon.de,10.0,EUR,2024-06-17T09:48:11.066370+00:00
Carrefour FR,10.0,EUR,2024-06-17T09:48:11.091894+00:00
PayPal,20.0,EUR,2024-06-17T09:48:11.117157+00:00
PayPal International,5.0,EUR,2024-06-17T09:48:11.143746+00:00
PayPal,10.0,GBP,2024-06-17T09:48:11.167470+00:00
Esselunga IT,25.0,EUR,2024-06-17T09:48:11.192078+00:00
PayPal,5.0,GBP,2024-06-17T09:48:11.216651+00:00
PayPal,10.0,EUR,2024-06-17T09:48:11.240928+00:00
PayPal,10.0,GBP,2024-06-17T09:48:11.265146+00:00
PayPal,10.0,EUR,2024-06-17T09:48:11.288232+00:00
PayPal,5.0,USD,2024-06-17T09:48:11.316471+00:00
PayPal,5.0,GBP,2024-06-17T09:48:11.342957+00:00
Virtual Visa,10.0,USD,2024-06-17T09:48:11.367451+00:00
Coles AU,100.0,AUD,2024-06-17T09:48:11.393321+00:00
Revolut,2.0,GBP,2024-06-17T09:48:11.417971+00:00
PayPal,5.0,GBP,2024-06-17T09:48:14.509044+00:00
PayPal,5.0,USD,2024-06-17T09:48:14.532693+00:00
PayPal,5.0,GBP,2024-06-17T09:48:14.560280+00:00
Virtual Visa International,2.0,USD,2024-06-17T09:48:14.585537+00:00
PayPal,5.0,AUD,2024-06-17T09:48:14.610010+00:00
PayPal,100.0,USD,2024-06-17T09:48:14.634629+00:00
PayPal,10.0,EUR,2024-06-17T09:48:14.660016+00:00
PayPal,10.0,EUR,2024-06-17T09:48:14.685034+00:00
Amazon.fr,5.0,EUR,2024-06-17T09:48:14.711737+00:00
Amazon.de,10.0,EUR,2024-06-17T09:48:14.736565+00:00
Carrefour FR,10.0,EUR,2024-06-17T09:48:14.762767+00:00
PayPal,20.0,EUR,2024-06-17T09:48:14.788518+00:00
PayPal International,5.0,EUR,2024-06-17T09:48:14.813627+00:00
PayPal,10.0,GBP,2024-06-17T09:48:14.837213+00:00
Esselunga IT,25.0,EUR,2024-06-17T09:48:14.862765+00:00
PayPal,5.0,GBP,2024-06-17T09:48:14.889318+00:00
PayPal,10.0,EUR,2024-06-17T09:48:14.914441+00:00
PayPal,10.0,GBP,2024-06-17T09:48:14.938034+00:00
PayPal,10.0,EUR,2024-06-17T09:48:14.962701+00:00
PayPal,5.0,USD,2024-06-17T09:48:14.988577+00:00
PayPal,10.0,EUR,2024-06-17T09:48:16.537199+00:00
PayPal,5.0,EUR,2024-06-17T09:48:16.564729+00:00
PayPal,5.0,GBP,2024-06-17T09:48:16.594363+00:00
PayPal,5.0,USD,2024-06-17T09:48:16.629983+00:00
PayPal,5.0,GBP,2024-06-17T09:48:16.654551+00:00
Virtual Visa International,2.0,USD,2024-06-17T09:48:16.681154+00:00
PayPal,5.0,AUD,2024-06-17T09:48:16.704264+00:00
PayPal,100.0,USD,2024-06-17T09:48:16.729960+00:00
PayPal,10.0,EUR,2024-06-17T09:48:16.754566+00:00
PayPal,10.0,EUR,2024-06-17T09:48:16.780058+00:00
Amazon.fr,5.0,EUR,2024-06-17T09:48:16.805277+00:00
Amazon.de,10.0,EUR,2024-06-17T09:48:16.828681+00:00
Carrefour FR,10.0,EUR,2024-06-17T09:48:16.852647+00:00
PayPal,20.0,EUR,2024-06-17T09:48:16.877583+00:00
PayPal International,5.0,EUR,2024-06-17T09:48:16.902649+00:00
PayPal,10.0,GBP,2024-06-17T09:48:16.926369+00:00
Esselunga IT,25.0,EUR,2024-06-17T09:48:16.949627+00:00
PayPal,5.0,GBP,2024-06-17T09:48:16.981986+00:00
PayPal,10.0,EUR,2024-06-17T09:48:17.007142+00:00
PayPal,10.0,GBP,2024-06-17T09:48:17.033781+00:00
PayPal,5.0,EUR,2024-06-17T09:48:20.312581+00:00
Venmo,5.0,USD,2024-06-17T09:48:20.335948+00:00
PayPal,50.0,EUR,2024-06-17T09:48:20.360704+00:00
PayPal,100.0,USD,2024-06-17T09:48:20.385097+00:00
DANA Cash Voucher IDR,50.0,IDR,2024-06-17T09:48:20.409575+00:00
PayPal,10.0,EUR,2024-06-17T09:48:20.433967+00:00
PayPal,5.0,EUR,2024-06-17T09:48:20.461659+00:00
PayPal,5.0,GBP,2024-06-17T09:48:20.490270+00:00
PayPal,5.0,USD,2024-06-17T09:48:20.518359+00:00
PayPal,5.0,GBP,2024-06-17T09:48:20.543335+00:00
Virtual Visa International,2.0,USD,2024-06-17T09:48:20.575651+00:00
PayPal,5.0,AUD,2024-06-17T09:48:20.601490+00:00
PayPal,100.0,USD,2024-06-17T09:48:20.626197+00:00
PayPal,10.0,EUR,2024-06-17T09:48:20.653524+00:00
PayPal,10.0,EUR,2024-06-17T09:48:20.677048+00:00
Amazon.fr,5.0,EUR,2024-06-17T09:48:20.701425+00:00
Amazon.de,10.0,EUR,2024-06-17T09:48:20.724940+00:00
Carrefour FR,10.0,EUR,2024-06-17T09:48:20.749580+00:00
PayPal,20.0,EUR,2024-06-17T09:48:20.773873+00:00
PayPal International,5.0,EUR,2024-06-17T09:48:20.799422+00:00
PayPal,10.0,GBP,2024-06-17T09:48:23.992114+00:00
PayPal,5.0,EUR,2024-06-17T09:48:24.018873+00:00
PayPal,5.0,USD,2024-06-17T09:48:24.045001+00:00
PayPal,5.0,USD,2024-06-17T09:48:24.071833+00:00
Amazon.it,1.0,EUR,2024-06-17T09:48:24.098433+00:00
PayPal,20.0,EUR,2024-06-17T09:48:24.121603+00:00
PayPal,5.0,AUD,2024-06-17T09:48:24.144446+00:00
PayPal,5.0,EUR,2024-06-17T09:48:24.168584+00:00
PayPal,50.0,GBP,2024-06-17T09:48:24.194864+00:00
PayPal,5.0,EUR,2024-06-17T09:48:24.227428+00:00
Venmo,5.0,USD,2024-06-17T09:48:24.253745+00:00
PayPal,50.0,EUR,2024-06-17T09:48:24.277376+00:00
PayPal,100.0,USD,2024-06-17T09:48:24.301905+00:00
DANA Cash Voucher IDR,50.0,IDR,2024-06-17T09:48:24.326154+00:00
PayPal,10.0,EUR,2024-06-17T09:48:24.350829+00:00
PayPal,5.0,EUR,2024-06-17T09:48:24.374407+00:00
PayPal,5.0,GBP,2024-06-17T09:48:24.399220+00:00
PayPal,5.0,USD,2024-06-17T09:48:24.423198+00:00
PayPal,5.0,GBP,2024-06-17T09:48:24.448652+00:00
Virtual Visa International,2.0,USD,2024-06-17T09:48:24.473420+00:00
PayPal,10.0,GBP,2024-06-17T09:48:26.021619+00:00
PayPal,5.0,EUR,2024-06-17T09:48:26.048681+00:00
PayPal,5.0,USD,2024-06-17T09:48:26.072173+00:00
PayPal,5.0,USD,2024-06-17T09:48:26.097448+00:00
Amazon.it,1.0,EUR,2024-06-17T09:48:26.121644+00:00
PayPal,20.0,EUR,2024-06-17T09:48:26.144123+00:00
PayPal,5.0,AUD,2024-06-17T09:48:26.169182+00:00
PayPal,5.0,EUR,2024-06-17T09:48:26.193268+00:00
PayPal,50.0,GBP,2024-06-17T09:48:26.220498+00:00
PayPal,5.0,EUR,2024-06-17T09:48:26.246143+00:00
Venmo,5.0,USD,2024-06-17T09:48:26.270515+00:00
PayPal,50.0,EUR,2024-06-17T09:48:26.295190+00:00
PayPal,100.0,USD,2024-06-17T09:48:26.320766+00:00
DANA Cash Voucher IDR,50.0,IDR,2024-06-17T09:48:26.345414+00:00
PayPal,10.0,EUR,2024-06-17T09:48:26.371049+00:00
PayPal,5.0,EUR,2024-06-17T09:48:26.395666+00:00
PayPal,5.0,GBP,2024-06-17T09:48:26.419037+00:00
PayPal,5.0,USD,2024-06-17T09:48:26.445066+00:00
PayPal,5.0,GBP,2024-06-17T09:48:26.472833+00:00
Virtual Visa International,2.0,USD,2024-06-17T09:48:26.497579+00:00
PayPal,10.0,GBP,2024-06-17T09:48:28.045921+00:00
PayPal,5.0,EUR,2024-06-17T09:48:28.075312+00:00
PayPal,5.0,USD,2024-06-17T09:48:28.099929+00:00
PayPal,5.0,USD,2024-06-17T09:48:28.126037+00:00
Amazon.it,1.0,EUR,2024-06-17T09:48:28.150709+00:00
PayPal,20.0,EUR,2024-06-17T09:48:28.175865+00:00
PayPal,5.0,AUD,2024-06-17T09:48:28.200804+00:00
PayPal,5.0,EUR,2024-06-17T09:48:28.227950+00:00
PayPal,50.0,GBP,2024-06-17T09:48:28.255538+00:00
PayPal,5.0,EUR,2024-06-17T09:48:28.280533+00:00
Venmo,5.0,USD,2024-06-17T09:48:28.306096+00:00
PayPal,50.0,EUR,2024-06-17T09:48:28.331107+00:00
PayPal,100.0,USD,2024-06-17T09:48:28.357262+00:00
DANA Cash Voucher IDR,50.0,IDR,2024-06-17T09:48:28.382263+00:00
PayPal,10.0,EUR,2024-06-17T09:48:28.406314+00:00
PayPal,5.0,EUR,2024-06-17T09:48:28.430835+00:00
PayPal,5.0,GBP,2024-06-17T09:48:28.456354+00:00
PayPal,5.0,USD,2024-06-17T09:48:28.480430+00:00
PayPal,5.0,GBP,2024-06-17T09:48:28.512993+00:00
Virtual Visa International,2.0,USD,2024-06-17T09:48:28.539001+00:00
PayPal,20.0,EUR,2024-06-17T09:48:31.993664+00:00
PayPal International,5.0,EUR,2024-06-17T09:48:32.019826+00:00
PayPal,5.0,EUR,2024-06-17T09:48:32.044899+00:00
PayPal,20.0,EUR,2024-06-17T09:48:32.072868+00:00
ACH,20.0,USD,2024-06-17T09:48:32.099231+00:00
PayPal,10.0,GBP,2024-06-17T09:48:32.125061+00:00
PayPal,5.0,EUR,2024-06-17T09:48:32.149019+00:00
PayPal,5.0,USD,2024-06-17T09:48:32.173869+00:00
PayPal,5.0,USD,2024-06-17T09:48:32.198050+00:00
Amazon.it,1.0,EUR,2024-06-17T09:48:32.222484+00:00
PayPal,20.0,EUR,2024-06-17T09:48:32.246890+00:00
PayPal,5.0,AUD,2024-06-17T09:48:32.271764+00:00
PayPal,5.0,EUR,2024-06-17T09:48:32.296945+00:00
PayPal,50.0,GBP,2024-06-17T09:48:32.325196+00:00
PayPal,5.0,EUR,2024-06-17T09:48:32.350837+00:00
Venmo,5.0,USD,2024-06-17T09:48:32.374967+00:00
PayPal,50.0,EUR,2024-06-17T09:48:32.400748+00:00
PayPal,100.0,USD,2024-06-17T09:48:32.433385+00:00
DANA Cash Voucher IDR,50.0,IDR,2024-06-17T09:48:32.461516+00:00
PayPal,10.0,EUR,2024-06-17T09:48:32.485546+00:00
PayPal,5.0,GBP,2024-06-17T09:48:35.728703+00:00
PayPal,20.0,EUR,2024-06-17T09:48:35.758838+00:00
PayPal International,5.0,EUR,2024-06-17T09:48:35.784292+00:00
PayPal,5.0,EUR,2024-06-17T09:48:35.810290+00:00
PayPal,20.0,EUR,2024-06-17T09:48:35.836444+00:00
ACH,20.0,USD,2024-06-17T09:48:35.862177+00:00
PayPal,10.0,GBP,2024-06-17T09:48:35.887538+00:00
PayPal,5.0,EUR,2024-06-17T09:48:35.911251+00:00
PayPal,5.0,USD,2024-06-17T09:48:35.936158+00:00
PayPal,5.0,USD,2024-06-17T09:48:35.960682+00:00
Amazon.it,1.0,EUR,2024-06-17T09:48:35.986551+00:00
PayPal,20.0,EUR,2024-06-17T09:48:36.012650+00:00
PayPal,5.0,AUD,2024-06-17T09:48:36.037240+00:00
PayPal,5.0,EUR,2024-06-17T09:48:36.060732+00:00
PayPal,50.0,GBP,2024-06-17T09:48:36.085974+00:00
PayPal,5.0,EUR,2024-06-17T09:48:36.112953+00:00
Venmo,5.0,USD,2024-06-17T09:48:36.138988+00:00
PayPal,50.0,EUR,2024-06-17T09:48:36.163860+00:00
PayPal,100.0,USD,2024-06-17T09:48:36.187911+00:00
DANA Cash Voucher IDR,50.0,IDR,2024-06-17T09:48:36.213133+00:00
Truemoney wallet,100.0,THB,2024-06-17T09:48:37.752049+00:00
Revolut,1.0,EUR,2024-06-17T09:48:37.776664+00:00
PayPal,5.0,GBP,2024-06-17T09:48:37.804661+00:00
PayPal,20.0,EUR,2024-06-17T09:48:37.838682+00:00
PayPal International,5.0,EUR,2024-06-17T09:48:37.865523+00:00
PayPal,5.0,EUR,2024-06-17T09:48:37.892618+00:00
PayPal,20.0,EUR,2024-06-17T09:48:37.915959+00:00
ACH,20.0,USD,2024-06-17T09:48:37.939155+00:00
PayPal,10.0,GBP,2024-06-17T09:48:37.963471+00:00
PayPal,5.0,EUR,2024-06-17T09:48:37.989292+00:00
PayPal,5.0,USD,2024-06-17T09:48:38.015385+00:00
PayPal,5.0,USD,2024-06-17T09:48:38.039627+00:00
Amazon.it,1.0,EUR,2024-06-17T09:48:38.065141+00:00
PayPal,20.0,EUR,2024-06-17T09:48:38.091872+00:00
PayPal,5.0,AUD,2024-06-17T09:48:38.115808+00:00
PayPal,5.0,EUR,2024-06-17T09:48:38.141743+00:00
PayPal,50.0,GBP,2024-06-17T09:48:38.165680+00:00
PayPal,5.0,EUR,2024-06-17T09:48:38.192482+00:00
Venmo,5.0,USD,2024-06-17T09:48:38.218286+00:00
PayPal,50.0,EUR,2024-06-17T09:48:38.243478+00:00
PayPal,10.0,EUR,2024-06-17T09:48:41.802649+00:00
PayPal,5.0,GBP,2024-06-17T09:48:41.835569+00:00
PayPal,20.0,AUD,2024-06-17T09:48:41.869836+00:00
Truemoney wallet,100.0,THB,2024-06-17T09:48:41.899017+00:00
Revolut,1.0,EUR,2024-06-17T09:48:41.924017+00:00
PayPal,5.0,GBP,2024-06-17T09:48:41.956016+00:00
PayPal,20.0,EUR,2024-06-17T09:48:41.983033+00:00
PayPal International,5.0,EUR,2024-06-17T09:48:42.009037+00:00
PayPal,5.0,EUR,2024-06-17T09:48:42.032712+00:00
PayPal,20.0,EUR,2024-06-17T09:48:42.056910+00:00
ACH,20.0,USD,2024-06-17T09:48:42.081851+00:00
PayPal,10.0,GBP,2024-06-17T09:48:42.107257+00:00
PayPal,5.0,EUR,2024-06-17T09:48:42.131470+00:00
PayPal,5.0,USD,2024-06-17T09:48:42.157513+00:00
PayPal,5.0,USD,2024-06-17T09:48:42.182364+00:00
Amazon.it,1.0,EUR,2024-06-17T09:48:42.209545+00:00
PayPal,20.0,EUR,2024-06-17T09:48:42.234199+00:00
PayPal,5.0,AUD,2024-06-17T09:48:42.260649+00:00
PayPal,5.0,EUR,2024-06-17T09:48:42.284602+00:00
PayPal,50.0,GBP,2024-06-17T09:48:42.309065+00:00
Amazon.de,5.0,EUR,2024-06-17T09:48:43.864341+00:00
PayPal,5.0,EUR,2024-06-17T09:48:43.890372+00:00
Revolut,10.0,EUR,2024-06-17T09:48:43.918404+00:00
PayPal,10.0,GBP,2024-06-17T09:48:43.942528+00:00
PayPal,5.0,GBP,2024-06-17T09:48:43.969101+00:00
PayPal,50.0,EUR,2024-06-17T09:48:43.998118+00:00
PayPal,5.0,USD,2024-06-17T09:48:44.025156+00:00
PayPal,10.0,EUR,2024-06-17T09:48:44.051856+00:00
PayPal,5.0,GBP,2024-06-17T09:48:44.081680+00:00
PayPal,20.0,AUD,2024-06-17T09:48:44.113249+00:00
Truemoney wallet,100.0,THB,2024-06-17T09:48:44.148477+00:00
Revolut,1.0,EUR,2024-06-17T09:48:44.174337+00:00
PayPal,5.0,GBP,2024-06-17T09:48:44.201971+00:00
PayPal,20.0,EUR,2024-06-17T09:48:44.227102+00:00
PayPal International,5.0,EUR,2024-06-17T09:48:44.259935+00:00
PayPal,5.0,EUR,2024-06-17T09:48:44.285119+00:00
PayPal,20.0,EUR,2024-06-17T09:48:44.309866+00:00
ACH,20.0,USD,2024-06-17T09:48:44.333984+00:00
PayPal,10.0,GBP,2024-06-17T09:48:44.357804+00:00
PayPal,5.0,EUR,2024-06-17T09:48:44.382981+00:00
Amazon.de,5.0,EUR,2024-06-17T09:48:45.923797+00:00
PayPal,5.0,EUR,2024-06-17T09:48:45.951030+00:00
Revolut,10.0,EUR,2024-06-17T09:48:45.977133+00:00
PayPal,10.0,GBP,2024-06-17T09:48:46.004379+00:00
PayPal,5.0,GBP,2024-06-17T09:48:46.030295+00:00
PayPal,50.0,EUR,2024-06-17T09:48:46.054917+00:00
PayPal,5.0,USD,2024-06-17T09:48:46.079634+00:00
PayPal,10.0,EUR,2024-06-17T09:48:46.105026+00:00
PayPal,5.0,GBP,2024-06-17T09:48:46.129693+00:00
PayPal,20.0,AUD,2024-06-17T09:48:46.155436+00:00
Truemoney wallet,100.0,THB,2024-06-17T09:48:46.179700+00:00
Revolut,1.0,EUR,2024-06-17T09:48:46.203203+00:00
PayPal,5.0,GBP,2024-06-17T09:48:46.230279+00:00
PayPal,20.0,EUR,2024-06-17T09:48:46.256052+00:00
PayPal International,5.0,EUR,2024-06-17T09:48:46.279230+00:00
PayPal,5.0,EUR,2024-06-17T09:48:46.303436+00:00
PayPal,20.0,EUR,2024-06-17T09:48:46.328923+00:00
ACH,20.0,USD,2024-06-17T09:48:46.353045+00:00
PayPal,10.0,GBP,2024-06-17T09:48:46.375856+00:00
PayPal,5.0,EUR,2024-06-17T09:48:46.401829+00:00
PayPal,5.0,GBP,2024-06-17T09:48:47.942260+00:00
PayPal,5.0,GBP,2024-06-17T09:48:47.970967+00:00
PayPal,5.0,EUR,2024-06-17T09:48:47.996506+00:00
PayPal,5.0,GBP,2024-06-17T09:48:48.022550+00:00
Bol.com NL,10.0,EUR,2024-06-17T09:48:48.051354+00:00
Amazon.de,5.0,EUR,2024-06-17T09:48:48.074786+00:00
PayPal,5.0,EUR,2024-06-17T09:48:48.100991+00:00
Revolut,10.0,EUR,2024-06-17T09:48:48.128559+00:00
PayPal,10.0,GBP,2024-06-17T09:48:48.160440+00:00
PayPal,5.0,GBP,2024-06-17T09:48:48.183356+00:00
PayPal,50.0,EUR,2024-06-17T09:48:48.207929+00:00
PayPal,5.0,USD,2024-06-17T09:48:48.233539+00:00
PayPal,10.0,EUR,2024-06-17T09:48:48.257474+00:00
PayPal,5.0,GBP,2024-06-17T09:48:48.281033+00:00
PayPal,20.0,AUD,2024-06-17T09:48:48.304109+00:00
Truemoney wallet,100.0,THB,2024-06-17T09:48:48.328754+00:00
Revolut,1.0,EUR,2024-06-17T09:48:48.353161+00:00
PayPal,5.0,GBP,2024-06-17T09:48:48.377813+00:00
PayPal,20.0,EUR,2024-06-17T09:48:48.402673+00:00
PayPal International,5.0,EUR,2024-06-17T09:48:48.426718+00:00
PayPal,5.0,EUR,2024-06-17T09:48:51.629543+00:00
PayPal,5.0,USD,2024-06-17T09:48:51.656460+00:00
PayPal,50.0,EUR,2024-06-17T09:48:51.681004+00:00
PayPal,100.0,EUR,2024-06-17T09:48:51.706503+00:00
PayPal,5.0,GBP,2024-06-17T09:48:51.734127+00:00
Revolut,2.0,GBP,2024-06-17T09:48:51.760091+00:00
PayPal,5.0,GBP,2024-06-17T09:48:51.785662+00:00
PayPal,5.0,GBP,2024-06-17T09:48:51.808621+00:00
PayPal,5.0,EUR,2024-06-17T09:48:51.832200+00:00
PayPal,5.0,GBP,2024-06-17T09:48:51.856666+00:00
Bol.com NL,10.0,EUR,2024-06-17T09:48:51.881413+00:00
Amazon.de,5.0,EUR,2024-06-17T09:48:51.904837+00:00
PayPal,5.0,EUR,2024-06-17T09:48:51.929670+00:00
Revolut,10.0,EUR,2024-06-17T09:48:51.953209+00:00
PayPal,10.0,GBP,2024-06-17T09:48:51.982575+00:00
PayPal,5.0,GBP,2024-06-17T09:48:52.007655+00:00
PayPal,50.0,EUR,2024-06-17T09:48:52.034392+00:00
PayPal,5.0,USD,2024-06-17T09:48:52.073126+00:00
PayPal,10.0,EUR,2024-06-17T09:48:52.098967+00:00
PayPal,5.0,GBP,2024-06-17T09:48:52.129534+00:00
